{
    "standard": {
        "versions": [
            "v0.0.1"
        ],
        "description": "The PekoScript standard library."
    },
    "runtime": {
        "versions": [
            "v0.0.1"
        ],
        "description": "The PekoScript runtime."
    },
    "ffi": {
        "versions": [
            "v0.0.1"
        ],
        "description": "Library for C FFI in pekoscript"
    },
    "console": {
        "versions": [
            "v0.0.1"
        ],
        "description": "For console IO."
    },
    "sockets": {
        "versions": [
            "v0.0.1"
        ],
        "description": "Library for communicating through sockets"
    },
    "threads": {
        "versions": [
            "v0.0.1"
        ],
        "description": "Library for creating threads"
    },
    "webview": {
        "versions": [
            "v0.0.1"
        ],
        "description": "Library for creating and managing a crossplatform webview"
    },
    "pekox": {
        "versions": [
            "v0.0.1"
        ],
        "description": "Library for using XML in pekoscript"
    },
    "json": {
        "versions": [
            "v0.0.1"
        ],
        "description": "Library for using json in pekoscript"
    },
    "lexer": {
        "versions": [
            "v0.0.1"
        ],
        "description": "Library for using lexing in pekoscript"
    },
    "pekoui": {
        "versions": [
            "v0.0.1"
        ],
        "description": "Library for creating an advanced UI in pekoscript"
    }
}